Workbook

Sheet DESC
A1: CFS_national_values_degurba
A2: Created | B2: 21/06/2024
A3: Last Update | B3: 21/06/2025
A4: Authors | B4: Alessandra Carioli
A9: Input data
A11: GHSL R2023 data
A12: POP | B12: CIESIN GPW 4.1 census and gr - WPP2022 - WUP2018 | C12: Y:\01_GLOBAL\2020_Pop_estimates\ver_4\GHS-POP_production\Input_POP_layers_v1\CNTRY_layers.gdb
A13: BU for POP downscaling | B13: GHS-BUILT-V RES MT | C13: O:\01_GLOBAL\2020_Pop_estimates\ver_4\GHS-POP_production\BU4POP
A14: BU for SMOD classification | B14: GHS-BUILT-S TOT MT | C14: O:\01_GLOBAL\2022_GHS_SMOD\ver_4\BU1000
A15: POP grid | B15: 100m | C15: Y:\01_GLOBAL\2020_Pop_estimates\ver_4\GHS-POP_production\Processing\Global_mosaics\Pop_v1
B16: 1000m | C16: Y:\01_GLOBAL\2020_Pop_estimates\ver_4\GHS-POP_production\Processing\Global_mosaics\Pop_v1
A18: SMOD | B18: V1s7_O7_P2023_v2 | C18: O:\01_GLOBAL\2022_GHS_SMOD\ver_7\UCDBR2023_O7
A20: Countries/Territories | B20: GADM4.1 adapted for GHSL (disputed to admin) POPBU extend | C20: O:\01_GLOBAL\2022_GHS_SMOD\ver_4\GADM_extended\GADM41_POPBUextended_1000.tif
C21: O:\01_GLOBAL\2022_GHS_SMOD\ver_4\GADM_extended\GADM4104GHSL_CNTRY_map_v4.xlsx - Shortcut.lnk
A23: Sheets
A25: AREA_km2_L1 | B25: Percentage distribution Area (km2) by DEGURBA L1 per GADM4.1 country/territory
A26: POP_L1 | B26: Percentage distribution Pop by DEGURBA L1 per GADM4.1 country/territory
A27: BU_S_km2_L1 | B27: Percentage distribution Built-up surface (km2) by DEGURBA L1 per GADM4.1 country/territory
A28: BUCAP_m2_L1 | B28: Percentage distribution Built-up per capita (m2) by DEGURBA L1 per GADM4.1 country/territory
A30: Description
A32: AREA_km2_L1
A33: GADM_ID | B33: ID of GADM4.1 country or territory
A34: GADM_ISO | B34: ISO3 code of GADM4.1 country or territory
A35: GADM_NAME | B35: Name of GADM4.1 country or territory
A36: DEGURBA_L1 | B36: Stage 1 of DegUrba classes Urban Centre (UC), Urban Cluster (UCL), Rural Cluster (RUR)
A38: POP_L1
A39: GADM_ID | B39: ID of GADM4.1 country or territory
A40: GADM_ISO | B40: ISO3 code of GADM4.1 country or territory
A41: GADM_NAME | B41: Name of GADM4.1 country or territory
A42: DEGURBA_L1 | B42: Stage 1 of DegUrba classes Urban Centre (UC), Urban Cluster (UCL), Rural Cluster (RUR)
A44: BU_S_km2_L1
A45: GADM_ID | B45: ID of GADM4.1 country or territory
A46: GADM_ISO | B46: ISO3 code of GADM4.1 country or territory
A47: GADM_NAME | B47: Name of GADM4.1 country or territory
A48: DEGURBA_L1 | B48: Stage 1 of DegUrba classes Urban Centre (UC), Urban Cluster (UCL), Rural Cluster (RUR)
A50: BUCAP_m2_L1
A51: GADM_ID | B51: ID of GADM4.1 country or territory
A52: GADM_ISO | B52: ISO3 code of GADM4.1 country or territory
A53: GADM_NAME | B53: Name of GADM4.1 country or territory
A54: DEGURBA_L1 | B54: Stage 1 of DegUrba classes Urban Centre (UC), Urban Cluster (UCL), Rural Cluster (RUR)

Sheet AREA_KM2_L1
A1: GADM_ID | B1: GADM_ISO | C1: GADM_NAME | D1: DEGURBA_L1 | E1: 1975 | F1: 1980 | G1: 1985 | H1: 1990 | I1: 1995 | J1: 2000 | K1: 2005 | L1: 2010 | M1: 2015 | N1: 2020 | O1: 2025 | P1: 2030
A2: 1 | B2: ABW | C2: Aruba | D2: UC | E2: 0 | F2: 0 | G2: 0 | H2: 0 | I2: 0 | J2: 0 | K2: 0 | L2: 0 | M2: 0 | N2: 48 | O2: 48 | P2: 48
A3: 1 | B3: ABW | C3: Aruba | D3: UCL | E3: 66 | F3: 72 | G3: 76 | H3: 78 | I3: 85 | J3: 87 | K3: 89 | L3: 92 | M3: 97 | N3: 60 | O3: 60 | P3: 59
A4: 1 | B4: ABW | C4: Aruba | D4: RUR | E4: 161 | F4: 155 | G4: 151 | H4: 149 | I4: 142 | J4: 140 | K4: 138 | L4: 135 | M4: 130 | N4: 119 | O4: 119 | P4: 120
A5: 2 | B5: AFG | C5: Afghanistan | D5: UC | E5: 460 | F5: 479 | G5: 428 | H5: 425 | I5: 604 | J5: 737 | K5: 968 | L5: 1155 | M5: 1464 | N5: 1718 | O5: 2167 | P5: 2844
A6: 2 | B6: AFG | C6: Afghanistan | D6: UCL | E6: 3236 | F6: 3418 | G6: 2664 | H6: 2706 | I6: 4769 | J6: 5942 | K6: 7456 | L6: 8608 | M6: 10082 | N6: 11025 | O6: 11624 | P6: 11970
A7: 2 | B7: AFG | C7: Afghanistan | D7: RUR | E7: 641844 | F7: 641643 | G7: 642448 | H7: 642409 | I7: 640167 | J7: 638861 | K7: 637116 | L7: 635777 | M7: 633994 | N7: 632797 | O7: 631749 | P7: 630726
A8: 3 | B8: AGO | C8: Angola | D8: UC | E8: 317 | F8: 401 | G8: 516 | H8: 1103 | I8: 1208 | J8: 1412 | K8: 1584 | L8: 1872 | M8: 2212 | N8: 2409 | O8: 2529 | P8: 2652
A9: 3 | B9: AGO | C9: Angola | D9: UCL | E9: 876 | F9: 1085 | G9: 1415 | H9: 1311 | I9: 1558 | J9: 1739 | K9: 1932 | L9: 2002 | M9: 2147 | N9: 2427 | O9: 2934 | P9: 3299
A10: 3 | B10: AGO | C10: Angola | D10: RUR | E10: 1254659 | F10: 1254366 | G10: 1253921 | H10: 1253438 | I10: 1253086 | J10: 1252701 | K10: 1252336 | L10: 1251978 | M10: 1251493 | N10: 1251016 | O10: 1250389 | P10: 1249901
A11: 4 | B11: AIA | C11: Anguilla | D11: UC | E11: 0 | F11: 0 | G11: 0 | H11: 0 | I11: 0 | J11: 0 | K11: 0 | L11: 0 | M11: 0 | N11: 0 | O11: 0 | P11: 0
A12: 4 | B12: AIA | C12: Anguilla | D12: UCL | E12: 0 | F12: 0 | G12: 0 | H12: 0 | I12: 0 | J12: 0 | K12: 0 | L12: 0 | M12: 11 | N12: 11 | O12: 12 | P12: 13
A13: 4 | B13: AIA | C13: Anguilla | D13: RUR | E13: 141 | F13: 141 | G13: 141 | H13: 141 | I13: 141 | J13: 141 | K13: 141 | L13: 141 | M13: 130 | N13: 130 | O13: 129 | P13: 128
... A763: 254 | B763: ZWE | C763: Zimbabwe | D763: RUR | E763: 391303 | F763: 391106 | G763: 390831 | H763: 390643 | I763: 390487 | J763: 390366 | K763: 390273 | L763: 390182 | M763: 390017 | N763: 389753 | O763: 389501 | P763: 389291

Sheet POP_L1
A1: GADM_ID | B1: GADM_ISO | C1: GADM_NAME | D1: DEGURBA_L1 | E1: 1975 | F1: 1980 | G1: 1985 | H1: 1990 | I1: 1995 | J1: 2000 | K1: 2005 | L1: 2010 | M1: 2015 | N1: 2020 | O1: 2025 | P1: 2030
A2: 1 | B2: ABW | C2: Aruba | D2: UC | E2: 0 | F2: 0 | G2: 0 | H2: 0 | I2: 0 | J2: 0 | K2: 0 | L2: 0 | M2: 0 | N2: 56903.198 | O2: 58101.155 | P2: 58999.211
A3: 1 | B3: ABW | C3: Aruba | D3: UCL | E3: 52003.15 | F3: 54610.189 | G3: 57637.152 | H3: 58891.597 | I3: 71284.558 | J3: 83390.771 | K3: 88658.31 | L3: 94573.517 | M3: 99143.758 | N3: 45177.755 | O3: 43578.174 | P3: 41296.883
A4: 1 | B4: ABW | C4: Aruba | D4: RUR | E4: 8711.8499 | F4: 7656.811 | G4: 6840.8477 | H4: 6820.4031 | I4: 5765.4418 | J4: 5710.2292 | K4: 5824.6898 | L4: 5767.4828 | M4: 5113.2419 | N4: 4504.0474 | O4: 4363.6716 | P4: 4627.906
A5: 2 | B5: AFG | C5: Afghanistan | D5: UC | E5: 2835380.7 | F5: 2985645.9 | G5: 2623872 | H5: 2806825.3 | I5: 4399706.6 | J5: 5659209.8 | K5: 7774371.1 | L5: 9550691.4 | M5: 12301850 | N5: 15446552 | O5: 19349497 | P5: 24368339
A6: 2 | B6: AFG | C6: Afghanistan | D6: UCL | E6: 4693600.2 | F6: 4779604.4 | G6: 3566973.4 | H6: 3557222 | I6: 6650571 | J6: 8334396.7 | K6: 10705662 | L6: 12540384 | M6: 15329084 | N6: 17386015 | O6: 19044256 | P6: 19792979
A7: 2 | B7: AFG | C7: Afghanistan | D7: RUR | E7: 4656187.8 | F7: 4751596.6 | G7: 4357494.2 | H7: 4369940.6 | I7: 5403119.1 | J7: 5581389.3 | K7: 5956894.1 | L7: 6117843.7 | M7: 6129630.4 | N7: 6133350.5 | O7: 6100291.9 | P7: 6131415.8
A8: 3 | B8: AGO | C8: Angola | D8: UC | E8: 2812481.2 | F8: 3421875.9 | G8: 4285053.3 | H8: 5458780.2 | I8: 6553060.3 | J8: 8026731.2 | K8: 9926136 | L8: 12909944 | M8: 17058404 | N8: 21164204 | O8: 25186871 | P8: 29789718
A9: 3 | B9: AGO | C9: Angola | D9: UCL | E9: 1595670.9 | F9: 1897939 | G9: 2275353.7 | H9: 2438889.3 | I9: 2875724.8 | J9: 3169216 | K9: 3431488.9 | L9: 3670636.4 | M9: 3775713.2 | N9: 3967231.9 | O9: 4309905.6 | P9: 4628009.9
A10: 3 | B10: AGO | C10: Angola | D10: RUR | E10: 2625811.8 | F10: 3012043.9 | G10: 3412105.1 | H10: 3933779.1 | I10: 4487068.7 | J10: 5202565.5 | K10: 6097507.2 | L10: 6787527.2 | M10: 7297260.1 | N10: 8299262.9 | O10: 9445695.3 | P10: 10488464
A11: 4 | B11: AIA | C11: Anguilla | D11: UC | E11: 0 | F11: 0 | G11: 0 | H11: 0 | I11: 0 | J11: 0 | K11: 0 | L11: 0 | M11: 0 | N11: 0 | O11: 0 | P11: 0
A12: 4 | B12: AIA | C12: Anguilla | D12: UCL | E12: 0 | F12: 0 | G12: 0 | H12: 0 | I12: 0 | J12: 0 | K12: 0 | L12: 0 | M12: 5137.3088 | N12: 5164.7659 | O12: 5596.0417 | P12: 5833.9081
A13: 4 | B13: AIA | C13: Anguilla | D13: RUR | E13: 6463 | F13: 6560 | G13: 6907 | H13: 8316 | I13: 9601 | J13: 11047 | K13: 12128 | L13: 13172 | M13: 9387.6912 | N13: 10420.234 | O13: 10369.958 | P13: 10221.092
... A763: 254 | B763: ZWE | C763: Zimbabwe | D763: RUR | E763: 4074939.3 | F763: 4640857.8 | G763: 5590736 | H763: 6254192.5 | I763: 6596183.4 | J763: 7034603.7 | K763: 7269299.7 | L763: 7791643.1 | M763: 8877788.2 | N763: 10389847 | O763: 11703805 | P763: 12894353

Sheet BU_S_km2_L1
A1: GADM_ID | B1: GADM_ISO | C1: GADM_NAME | D1: DEGURBA_L1 | E1: 1975 | F1: 1980 | G1: 1985 | H1: 1990 | I1: 1995 | J1: 2000 | K1: 2005 | L1: 2010 | M1: 2015 | N1: 2020 | O1: 2025 | P1: 2030
A2: 1 | B2: ABW | C2: Aruba | D2: UC | E2: 0 | F2: 0 | G2: 0 | H2: 0 | I2: 0 | J2: 0 | K2: 0 | L2: 0 | M2: 0 | N2: 10.667812 | O2: 10.667812 | P2: 10.79797
A3: 1 | B3: ABW | C3: Aruba | D3: UCL | E3: 2.405075 | F3: 3.475035 | G3: 4.80705 | H3: 7.970153 | I3: 10.939677 | J3: 14.066022 | K3: 15.01572 | L3: 16.12561 | M3: 17.519232 | N3: 9.834384 | O3: 9.883761 | P3: 9.914438
A4: 1 | B4: ABW | C4: Aruba | D4: RUR | E4: 0.9043 | F4: 1.166425 | G4: 1.472834 | H4: 2.477374 | I4: 2.297479 | J4: 2.507467 | K4: 2.620803 | L4: 2.620734 | M4: 2.540497 | N4: 2.150662 | O4: 2.101285 | P4: 2.315257
A5: 2 | B5: AFG | C5: Afghanistan | D5: UC | E5: 59.696631 | F5: 65.429288 | G5: 68.15399 | H5: 72.247763 | I5: 97.190806 | J5: 115.59339 | K5: 139.06838 | L5: 166.92693 | M5: 203.37472 | N5: 230.50231 | O5: 254.60647 | P5: 290.4404
A6: 2 | B6: AFG | C6: Afghanistan | D6: UCL | E6: 65.550355 | F6: 75.258856 | G6: 80.243828 | H6: 97.190653 | I6: 121.11607 | J6: 143.10358 | K6: 164.34533 | L6: 188.30799 | M6: 220.70266 | N6: 272.35843 | O6: 296.77755 | P6: 291.04973
A7: 2 | B7: AFG | C7: Afghanistan | D7: RUR | E7: 75.625461 | F7: 84.199396 | G7: 110.36218 | H7: 129.95547 | I7: 107.27165 | J7: 101.40198 | K7: 94.141851 | L7: 95.418697 | M7: 94.708813 | N7: 102.53463 | O7: 99.434162 | P7: 97.06211
A8: 3 | B8: AGO | C8: Angola | D8: UC | E8: 57.914356 | F8: 73.266653 | G8: 93.450295 | H8: 291.75326 | I8: 314.37114 | J8: 357.41661 | K8: 384.96164 | L8: 440.86134 | M8: 506.71307 | N8: 592.68696 | O8: 605.628 | P8: 612.98482
A9: 3 | B9: AGO | C9: Angola | D9: UCL | E9: 62.906445 | F9: 102.93789 | G9: 194.06494 | H9: 89.982532 | I9: 108.88387 | J9: 122.94242 | K9: 137.81428 | L9: 131.33722 | M9: 135.73334 | N9: 179.01321 | O9: 199.40176 | P9: 208.46913
A10: 3 | B10: AGO | C10: Angola | D10: RUR | E10: 340.44324 | F10: 335.96014 | G10: 291.70658 | H10: 273.62365 | I10: 272.71962 | J10: 272.06824 | K10: 285.11248 | L10: 316.67612 | M10: 376.28786 | N10: 517.5136 | O10: 588.11327 | P10: 640.8738
A11: 4 | B11: AIA | C11: Anguilla | D11: UC | E11: 0 | F11: 0 | G11: 0 | H11: 0 | I11: 0 | J11: 0 | K11: 0 | L11: 0 | M11: 0 | N11: 0 | O11: 0 | P11: 0
A12: 4 | B12: AIA | C12: Anguilla | D12: UCL | E12: 0 | F12: 0 | G12: 0 | H12: 0 | I12: 0 | J12: 0 | K12: 0 | L12: 0 | M12: 1.002056 | N12: 1.219746 | O12: 1.310068 | P12: 1.438021
A13: 4 | B13: AIA | C13: Anguilla | D13: RUR | E13: 1.106356 | F13: 1.546545 | G13: 2.250718 | H13: 3.111041 | I13: 3.147782 | J13: 3.198374 | K13: 3.262597 | L13: 3.3377 | M13: 2.618523 | N13: 3.557508 | O13: 3.467186 | P13: 3.528141
... A763: 254 | B763: ZWE | C763: Zimbabwe | D763: RUR | E763: 145.22489 | F763: 168.5414 | G763: 197.5795 | H763: 230.22579 | I763: 248.97552 | J763: 283.45746 | K763: 339.12109 | L763: 450.35236 | M763: 633.92793 | N763: 993.96438 | O763: 1237.308 | P763: 1389.652

Sheet BUCAP_m2_L1
A1: GADM_ID | B1: GADM_ISO | C1: GADM_NAME | D1: DEGURBA_L1 | E1: 1975 | F1: 1980 | G1: 1985 | H1: 1990 | I1: 1995 | J1: 2000 | K1: 2005 | L1: 2010 | M1: 2015 | N1: 2020 | O1: 2025 | P1: 2030
A2: 1 | B2: ABW | C2: Aruba | D2: UC | E2: - | F2: - | G2: - | H2: - | I2: - | J2: - | K2: - | L2: - | M2: - | N2: =BU_S_km2_L1!N2/POP_L1!N2*1000000 -> 187.47298 | O2: =BU_S_km2_L1!O2/POP_L1!O2*1000000 -> 183.60757 | P2: =BU_S_km2_L1!P2/POP_L1!P2*1000000 -> 183.01889
A3: 1 | B3: ABW | C3: Aruba | D3: UCL | E3: =BU_S_km2_L1!E3/POP_L1!E3*1000000 -> 46.248641 | F3: =BU_S_km2_L1!F3/POP_L1!F3*1000000 -> 63.633455 | G3: =BU_S_km2_L1!G3/POP_L1!G3*1000000 -> 83.401935 | H3: =BU_S_km2_L1!H3/POP_L1!H3*1000000 -> 135.336 | I3: =BU_S_km2_L1!I3/POP_L1!I3*1000000 -> 153.46489 | J3: =BU_S_km2_L1!J3/POP_L1!J3*1000000 -> 168.676 | K3: =BU_S_km2_L1!K3/POP_L1!K3*1000000 -> 169.36619 | L3: =BU_S_km2_L1!L3/POP_L1!L3*1000000 -> 170.50873 | ... P3: =BU_S_km2_L1!P3/POP_L1!P3*1000000 -> 240.07715
A4: 1 | B4: ABW | C4: Aruba | D4: RUR | E4: =BU_S_km2_L1!E4/POP_L1!E4*1000000 -> 103.80115 | F4: =BU_S_km2_L1!F4/POP_L1!F4*1000000 -> 152.33823 | G4: =BU_S_km2_L1!G4/POP_L1!G4*1000000 -> 215.29992 | H4: =BU_S_km2_L1!H4/POP_L1!H4*1000000 -> 363.22985 | I4: =BU_S_km2_L1!I4/POP_L1!I4*1000000 -> 398.4914 | J4: =BU_S_km2_L1!J4/POP_L1!J4*1000000 -> 439.11845 | K4: =BU_S_km2_L1!K4/POP_L1!K4*1000000 -> 449.94722 | L4: =BU_S_km2_L1!L4/POP_L1!L4*1000000 -> 454.39823 | ... P4: =BU_S_km2_L1!P4/POP_L1!P4*1000000 -> 500.28177
A5: 2 | B5: AFG | C5: Afghanistan | D5: UC | E5: =BU_S_km2_L1!E5/POP_L1!E5*1000000 -> 21.054186 | F5: =BU_S_km2_L1!F5/POP_L1!F5*1000000 -> 21.914618 | G5: =BU_S_km2_L1!G5/POP_L1!G5*1000000 -> 25.974587 | H5: =BU_S_km2_L1!H5/POP_L1!H5*1000000 -> 25.740029 | I5: =BU_S_km2_L1!I5/POP_L1!I5*1000000 -> 22.090292 | J5: =BU_S_km2_L1!J5/POP_L1!J5*1000000 -> 20.425712 | K5: =BU_S_km2_L1!K5/POP_L1!K5*1000000 -> 17.888056 | L5: =BU_S_km2_L1!L5/POP_L1!L5*1000000 -> 17.477994 | ... P5: =BU_S_km2_L1!P5/POP_L1!P5*1000000 -> 11.918761
A6: 2 | B6: AFG | C6: Afghanistan | D6: UCL | E6: =BU_S_km2_L1!E6/POP_L1!E6*1000000 -> 13.965901 | F6: =BU_S_km2_L1!F6/POP_L1!F6*1000000 -> 15.745834 | G6: =BU_S_km2_L1!G6/POP_L1!G6*1000000 -> 22.496335 | H6: =BU_S_km2_L1!H6/POP_L1!H6*1000000 -> 27.322066 | I6: =BU_S_km2_L1!I6/POP_L1!I6*1000000 -> 18.21138 | J6: =BU_S_km2_L1!J6/POP_L1!J6*1000000 -> 17.170239 | K6: =BU_S_km2_L1!K6/POP_L1!K6*1000000 -> 15.351253 | L6: =BU_S_km2_L1!L6/POP_L1!L6*1000000 -> 15.016127 | ... P6: =BU_S_km2_L1!P6/POP_L1!P6*1000000 -> 14.704695
A7: 2 | B7: AFG | C7: Afghanistan | D7: RUR | E7: =BU_S_km2_L1!E7/POP_L1!E7*1000000 -> 16.241927 | F7: =BU_S_km2_L1!F7/POP_L1!F7*1000000 -> 17.720232 | G7: =BU_S_km2_L1!G7/POP_L1!G7*1000000 -> 25.326983 | H7: =BU_S_km2_L1!H7/POP_L1!H7*1000000 -> 29.738498 | I7: =BU_S_km2_L1!I7/POP_L1!I7*1000000 -> 19.853652 | J7: =BU_S_km2_L1!J7/POP_L1!J7*1000000 -> 18.167875 | K7: =BU_S_km2_L1!K7/POP_L1!K7*1000000 -> 15.803848 | L7: =BU_S_km2_L1!L7/POP_L1!L7*1000000 -> 15.596786 | ... P7: =BU_S_km2_L1!P7/POP_L1!P7*1000000 -> 15.830293
A8: 3 | B8: AGO | C8: Angola | D8: UC | E8: =BU_S_km2_L1!E8/POP_L1!E8*1000000 -> 20.591909 | F8: =BU_S_km2_L1!F8/POP_L1!F8*1000000 -> 21.411254 | G8: =BU_S_km2_L1!G8/POP_L1!G8*1000000 -> 21.808433 | H8: =BU_S_km2_L1!H8/POP_L1!H8*1000000 -> 53.446604 | I8: =BU_S_km2_L1!I8/POP_L1!I8*1000000 -> 47.97318 | J8: =BU_S_km2_L1!J8/POP_L1!J8*1000000 -> 44.52829 | K8: =BU_S_km2_L1!K8/POP_L1!K8*1000000 -> 38.782628 | L8: =BU_S_km2_L1!L8/POP_L1!L8*1000000 -> 34.148975 | ... P8: =BU_S_km2_L1!P8/POP_L1!P8*1000000 -> 20.57706
A9: 3 | B9: AGO | C9: Angola | D9: UCL | E9: =BU_S_km2_L1!E9/POP_L1!E9*1000000 -> 39.423194 | F9: =BU_S_km2_L1!F9/POP_L1!F9*1000000 -> 54.236666 | G9: =BU_S_km2_L1!G9/POP_L1!G9*1000000 -> 85.290009 | H9: =BU_S_km2_L1!H9/POP_L1!H9*1000000 -> 36.894881 | I9: =BU_S_km2_L1!I9/POP_L1!I9*1000000 -> 37.863106 | J9: =BU_S_km2_L1!J9/POP_L1!J9*1000000 -> 38.792692 | K9: =BU_S_km2_L1!K9/POP_L1!K9*1000000 -> 40.161658 | L9: =BU_S_km2_L1!L9/POP_L1!L9*1000000 -> 35.780503 | ... P9: =BU_S_km2_L1!P9/POP_L1!P9*1000000 -> 45.045091
A10: 3 | B10: AGO | C10: Angola | D10: RUR | E10: =BU_S_km2_L1!E10/POP_L1!E10*1000000 -> 129.65256 | F10: =BU_S_km2_L1!F10/POP_L1!F10*1000000 -> 111.53892 | G10: =BU_S_km2_L1!G10/POP_L1!G10*1000000 -> 85.491674 | H10: =BU_S_km2_L1!H10/POP_L1!H10*1000000 -> 69.557452 | I10: =BU_S_km2_L1!I10/POP_L1!I10*1000000 -> 60.779016 | J10: =BU_S_km2_L1!J10/POP_L1!J10*1000000 -> 52.295015 | K10: =BU_S_km2_L1!K10/POP_L1!K10*1000000 -> 46.75886 | L10: =BU_S_km2_L1!L10/POP_L1!L10*1000000 -> 46.655595 | ... P10: =BU_S_km2_L1!P10/POP_L1!P10*1000000 -> 61.10273
A11: 4 | B11: AIA | C11: Anguilla | D11: UC | E11: - | F11: - | G11: - | H11: - | I11: - | J11: - | K11: - | L11: - | M11: - | N11: - | O11: - | P11: -
A12: 4 | B12: AIA | C12: Anguilla | D12: UCL | E12: - | F12: - | G12: - | H12: - | I12: - | J12: - | K12: - | L12: - | M12: =BU_S_km2_L1!M12/POP_L1!M12*1000000 -> 195.05466 | N12: =BU_S_km2_L1!N12/POP_L1!N12*1000000 -> 236.16676 | O12: =BU_S_km2_L1!O12/POP_L1!O12*1000000 -> 234.10619 | P12: =BU_S_km2_L1!P12/POP_L1!P12*1000000 -> 246.4936
A13: 4 | B13: AIA | C13: Anguilla | D13: RUR | E13: =BU_S_km2_L1!E13/POP_L1!E13*1000000 -> 171.18304 | F13: =BU_S_km2_L1!F13/POP_L1!F13*1000000 -> 235.75381 | G13: =BU_S_km2_L1!G13/POP_L1!G13*1000000 -> 325.86043 | H13: =BU_S_km2_L1!H13/POP_L1!H13*1000000 -> 374.10305 | I13: =BU_S_km2_L1!I13/POP_L1!I13*1000000 -> 327.85981 | J13: =BU_S_km2_L1!J13/POP_L1!J13*1000000 -> 289.52421 | K13: =BU_S_km2_L1!K13/POP_L1!K13*1000000 -> 269.0136 | L13: =BU_S_km2_L1!L13/POP_L1!L13*1000000 -> 253.39356 | ... P13: =BU_S_km2_L1!P13/POP_L1!P13*1000000 -> 345.1824
A14: 5 | B14: ALA | C14: Aland | D14: UC | E14: - | F14: - | G14: - | H14: - | I14: - | J14: - | K14: - | L14: - | M14: - | N14: - | O14: - | P14: -
A15: 5 | B15: ALA | C15: Aland | D15: UCL | E15: =BU_S_km2_L1!E15/POP_L1!E15*1000000 -> 48.943254 | F15: =BU_S_km2_L1!F15/POP_L1!F15*1000000 -> 52.167626 | G15: =BU_S_km2_L1!G15/POP_L1!G15*1000000 -> 54.07085 | H15: =BU_S_km2_L1!H15/POP_L1!H15*1000000 -> 58.163747 | I15: =BU_S_km2_L1!I15/POP_L1!I15*1000000 -> 66.137506 | J15: =BU_S_km2_L1!J15/POP_L1!J15*1000000 -> 75.420971 | K15: =BU_S_km2_L1!K15/POP_L1!K15*1000000 -> 83.177705 | L15: =BU_S_km2_L1!L15/POP_L1!L15*1000000 -> 89.44645 | ... P15: =BU_S_km2_L1!P15/POP_L1!P15*1000000 -> 97.78008
A16: 5 | B16: ALA | C16: Aland | D16: RUR | E16: =BU_S_km2_L1!E16/POP_L1!E16*1000000 -> 84.817782 | F16: =BU_S_km2_L1!F16/POP_L1!F16*1000000 -> 89.666214 | G16: =BU_S_km2_L1!G16/POP_L1!G16*1000000 -> 92.226592 | H16: =BU_S_km2_L1!H16/POP_L1!H16*1000000 -> 98.388149 | I16: =BU_S_km2_L1!I16/POP_L1!I16*1000000 -> 100.8498 | J16: =BU_S_km2_L1!J16/POP_L1!J16*1000000 -> 105.0955 | K16: =BU_S_km2_L1!K16/POP_L1!K16*1000000 -> 105.90527 | L16: =BU_S_km2_L1!L16/POP_L1!L16*1000000 -> 105.45912 | ... P16: =BU_S_km2_L1!P16/POP_L1!P16*1000000 -> 107.29815
A17: 6 | B17: ALB | C17: Albania | D17: UC | E17: =BU_S_km2_L1!E17/POP_L1!E17*1000000 -> 6.4444108 | F17: =BU_S_km2_L1!F17/POP_L1!F17*1000000 -> 13.664787 | G17: =BU_S_km2_L1!G17/POP_L1!G17*1000000 -> 25.862054 | H17: =BU_S_km2_L1!H17/POP_L1!H17*1000000 -> 25.251006 | I17: =BU_S_km2_L1!I17/POP_L1!I17*1000000 -> 28.775859 | J17: =BU_S_km2_L1!J17/POP_L1!J17*1000000 -> 32.88449 | K17: =BU_S_km2_L1!K17/POP_L1!K17*1000000 -> 33.501241 | L17: =BU_S_km2_L1!L17/POP_L1!L17*1000000 -> 34.505482 | ... P17: =BU_S_km2_L1!P17/POP_L1!P17*1000000 -> 28.607968
A18: 6 | B18: ALB | C18: Albania | D18: UCL | E18: =BU_S_km2_L1!E18/POP_L1!E18*1000000 -> 30.427705 | F18: =BU_S_km2_L1!F18/POP_L1!F18*1000000 -> 31.119142 | G18: =BU_S_km2_L1!G18/POP_L1!G18*1000000 -> 29.37822 | H18: =BU_S_km2_L1!H18/POP_L1!H18*1000000 -> 33.262858 | I18: =BU_S_km2_L1!I18/POP_L1!I18*1000000 -> 42.466524 | J18: =BU_S_km2_L1!J18/POP_L1!J18*1000000 -> 51.560576 | K18: =BU_S_km2_L1!K18/POP_L1!K18*1000000 -> 60.907306 | L18: =BU_S_km2_L1!L18/POP_L1!L18*1000000 -> 70.201228 | ... P18: =BU_S_km2_L1!P18/POP_L1!P18*1000000 -> 93.884693
A19: 6 | B19: ALB | C19: Albania | D19: RUR | E19: =BU_S_km2_L1!E19/POP_L1!E19*1000000 -> 57.23028 | F19: =BU_S_km2_L1!F19/POP_L1!F19*1000000 -> 50.606113 | G19: =BU_S_km2_L1!G19/POP_L1!G19*1000000 -> 48.830352 | H19: =BU_S_km2_L1!H19/POP_L1!H19*1000000 -> 50.299177 | I19: =BU_S_km2_L1!I19/POP_L1!I19*1000000 -> 56.639309 | J19: =BU_S_km2_L1!J19/POP_L1!J19*1000000 -> 67.259979 | K19: =BU_S_km2_L1!K19/POP_L1!K19*1000000 -> 84.750734 | L19: =BU_S_km2_L1!L19/POP_L1!L19*1000000 -> 105.40803 | ... P19: =BU_S_km2_L1!P19/POP_L1!P19*1000000 -> 217.76257
A20: 7 | B20: AND | C20: Andorra | D20: UC | E20: - | F20: - | G20: - | H20: - | I20: - | J20: - | K20: - | L20: - | M20: - | N20: - | O20: - | P20: -
A21: 7 | B21: AND | C21: Andorra | D21: UCL | E21: =BU_S_km2_L1!E21/POP_L1!E21*1000000 -> 14.225276 | F21: =BU_S_km2_L1!F21/POP_L1!F21*1000000 -> 12.939225 | G21: =BU_S_km2_L1!G21/POP_L1!G21*1000000 -> 13.70785 | H21: =BU_S_km2_L1!H21/POP_L1!H21*1000000 -> 13.711101 | I21: =BU_S_km2_L1!I21/POP_L1!I21*1000000 -> 14.566134 | J21: =BU_S_km2_L1!J21/POP_L1!J21*1000000 -> 17.246094 | K21: =BU_S_km2_L1!K21/POP_L1!K21*1000000 -> 18.60946 | L21: =BU_S_km2_L1!L21/POP_L1!L21*1000000 -> 22.762121 | ... P21: =BU_S_km2_L1!P21/POP_L1!P21*1000000 -> 28.70917
A22: 7 | B22: AND | C22: Andorra | D22: RUR | E22: =BU_S_km2_L1!E22/POP_L1!E22*1000000 -> 73.046602 | F22: =BU_S_km2_L1!F22/POP_L1!F22*1000000 -> 65.022744 | G22: =BU_S_km2_L1!G22/POP_L1!G22*1000000 -> 56.846529 | H22: =BU_S_km2_L1!H22/POP_L1!H22*1000000 -> 62.061883 | I22: =BU_S_km2_L1!I22/POP_L1!I22*1000000 -> 51.602781 | J22: =BU_S_km2_L1!J22/POP_L1!J22*1000000 -> 49.641843 | K22: =BU_S_km2_L1!K22/POP_L1!K22*1000000 -> 40.181344 | L22: =BU_S_km2_L1!L22/POP_L1!L22*1000000 -> 44.906062 | ... P22: =BU_S_km2_L1!P22/POP_L1!P22*1000000 -> 33.903078
A23: 8 | B23: ARE | C23: United Arab Emirates | D23: UC | E23: =BU_S_km2_L1!E23/POP_L1!E23*1000000 -> 254.11432 | F23: =BU_S_km2_L1!F23/POP_L1!F23*1000000 -> 121.67935 | G23: =BU_S_km2_L1!G23/POP_L1!G23*1000000 -> 97.494796 | H23: =BU_S_km2_L1!H23/POP_L1!H23*1000000 -> 82.334097 | I23: =BU_S_km2_L1!I23/POP_L1!I23*1000000 -> 88.837817 | J23: =BU_S_km2_L1!J23/POP_L1!J23*1000000 -> 90.776177 | K23: =BU_S_km2_L1!K23/POP_L1!K23*1000000 -> 73.963621 | L23: =BU_S_km2_L1!L23/POP_L1!L23*1000000 -> 45.949765 | ... P23: =BU_S_km2_L1!P23/POP_L1!P23*1000000 -> 47.581412
A24: 8 | B24: ARE | C24: United Arab Emirates | D24: UCL | E24: =BU_S_km2_L1!E24/POP_L1!E24*1000000 -> 223.86911 | F24: =BU_S_km2_L1!F24/POP_L1!F24*1000000 -> 184.03781 | G24: =BU_S_km2_L1!G24/POP_L1!G24*1000000 -> 160.36537 | H24: =BU_S_km2_L1!H24/POP_L1!H24*1000000 -> 144.49307 | I24: =BU_S_km2_L1!I24/POP_L1!I24*1000000 -> 129.7482 | J24: =BU_S_km2_L1!J24/POP_L1!J24*1000000 -> 119.95051 | K24: =BU_S_km2_L1!K24/POP_L1!K24*1000000 -> 108.71973 | L24: =BU_S_km2_L1!L24/POP_L1!L24*1000000 -> 66.661008 | ... P24: =BU_S_km2_L1!P24/POP_L1!P24*1000000 -> 102.27686
A25: 8 | B25: ARE | C25: United Arab Emirates | D25: RUR | E25: =BU_S_km2_L1!E25/POP_L1!E25*1000000 -> 530.64763 | F25: =BU_S_km2_L1!F25/POP_L1!F25*1000000 -> 357.51471 | G25: =BU_S_km2_L1!G25/POP_L1!G25*1000000 -> 313.78016 | H25: =BU_S_km2_L1!H25/POP_L1!H25*1000000 -> 285.13762 | I25: =BU_S_km2_L1!I25/POP_L1!I25*1000000 -> 263.03722 | J25: =BU_S_km2_L1!J25/POP_L1!J25*1000000 -> 262.86381 | K25: =BU_S_km2_L1!K25/POP_L1!K25*1000000 -> 231.86169 | L25: =BU_S_km2_L1!L25/POP_L1!L25*1000000 -> 127.57163 | ... P25: =BU_S_km2_L1!P25/POP_L1!P25*1000000 -> 178.44792
A26: 9 | B26: ARG | C26: Argentina | D26: UC | E26: =BU_S_km2_L1!E26/POP_L1!E26*1000000 -> 56.700948 | F26: =BU_S_km2_L1!F26/POP_L1!F26*1000000 -> 54.315967 | G26: =BU_S_km2_L1!G26/POP_L1!G26*1000000 -> 52.980351 | H26: =BU_S_km2_L1!H26/POP_L1!H26*1000000 -> 51.728247 | I26: =BU_S_km2_L1!I26/POP_L1!I26*1000000 -> 53.749247 | J26: =BU_S_km2_L1!J26/POP_L1!J26*1000000 -> 56.004254 | K26: =BU_S_km2_L1!K26/POP_L1!K26*1000000 -> 56.099443 | L26: =BU_S_km2_L1!L26/POP_L1!L26*1000000 -> 56.184549 | ... P26: =BU_S_km2_L1!P26/POP_L1!P26*1000000 -> 54.746439
A27: 9 | B27: ARG | C27: Argentina | D27: UCL | E27: =BU_S_km2_L1!E27/POP_L1!E27*1000000 -> 85.915391 | F27: =BU_S_km2_L1!F27/POP_L1!F27*1000000 -> 86.24599 | G27: =BU_S_km2_L1!G27/POP_L1!G27*1000000 -> 85.674289 | H27: =BU_S_km2_L1!H27/POP_L1!H27*1000000 -> 84.986487 | I27: =BU_S_km2_L1!I27/POP_L1!I27*1000000 -> 89.670802 | J27: =BU_S_km2_L1!J27/POP_L1!J27*1000000 -> 94.703408 | K27: =BU_S_km2_L1!K27/POP_L1!K27*1000000 -> 97.920029 | L27: =BU_S_km2_L1!L27/POP_L1!L27*1000000 -> 101.39353 | ... P27: =BU_S_km2_L1!P27/POP_L1!P27*1000000 -> 103.16396
A28: 9 | B28: ARG | C28: Argentina | D28: RUR | E28: =BU_S_km2_L1!E28/POP_L1!E28*1000000 -> 170.96774 | F28: =BU_S_km2_L1!F28/POP_L1!F28*1000000 -> 175.45654 | G28: =BU_S_km2_L1!G28/POP_L1!G28*1000000 -> 175.51306 | H28: =BU_S_km2_L1!H28/POP_L1!H28*1000000 -> 176.63106 | I28: =BU_S_km2_L1!I28/POP_L1!I28*1000000 -> 182.77334 | J28: =BU_S_km2_L1!J28/POP_L1!J28*1000000 -> 190.02551 | K28: =BU_S_km2_L1!K28/POP_L1!K28*1000000 -> 193.40474 | L28: =BU_S_km2_L1!L28/POP_L1!L28*1000000 -> 198.75324 | ... P28: =BU_S_km2_L1!P28/POP_L1!P28*1000000 -> 197.88791
A29: 10 | B29: ARM | C29: Armenia | D29: UC | E29: =BU_S_km2_L1!E29/POP_L1!E29*1000000 -> 30.999594 | F29: =BU_S_km2_L1!F29/POP_L1!F29*1000000 -> 29.180239 | G29: =BU_S_km2_L1!G29/POP_L1!G29*1000000 -> 30.112969 | H29: =BU_S_km2_L1!H29/POP_L1!H29*1000000 -> 30.522323 | I29: =BU_S_km2_L1!I29/POP_L1!I29*1000000 -> 33.780617 | J29: =BU_S_km2_L1!J29/POP_L1!J29*1000000 -> 37.255838 | K29: =BU_S_km2_L1!K29/POP_L1!K29*1000000 -> 39.633852 | L29: =BU_S_km2_L1!L29/POP_L1!L29*1000000 -> 42.627477 | ... P29: =BU_S_km2_L1!P29/POP_L1!P29*1000000 -> 48.964751
A30: 10 | B30: ARM | C30: Armenia | D30: UCL | E30: =BU_S_km2_L1!E30/POP_L1!E30*1000000 -> 54.996823 | F30: =BU_S_km2_L1!F30/POP_L1!F30*1000000 -> 53.263432 | G30: =BU_S_km2_L1!G30/POP_L1!G30*1000000 -> 51.226275 | H30: =BU_S_km2_L1!H30/POP_L1!H30*1000000 -> 48.443515 | I30: =BU_S_km2_L1!I30/POP_L1!I30*1000000 -> 57.283314 | J30: =BU_S_km2_L1!J30/POP_L1!J30*1000000 -> 65.179964 | K30: =BU_S_km2_L1!K30/POP_L1!K30*1000000 -> 72.537256 | L30: =BU_S_km2_L1!L30/POP_L1!L30*1000000 -> 78.891321 | ... P30: =BU_S_km2_L1!P30/POP_L1!P30*1000000 -> 89.001664
A31: 10 | B31: ARM | C31: Armenia | D31: RUR | E31: =BU_S_km2_L1!E31/POP_L1!E31*1000000 -> 71.1937 | F31: =BU_S_km2_L1!F31/POP_L1!F31*1000000 -> 68.070898 | G31: =BU_S_km2_L1!G31/POP_L1!G31*1000000 -> 67.098254 | H31: =BU_S_km2_L1!H31/POP_L1!H31*1000000 -> 62.876489 | I31: =BU_S_km2_L1!I31/POP_L1!I31*1000000 -> 74.559982 | J31: =BU_S_km2_L1!J31/POP_L1!J31*1000000 -> 85.312136 | K31: =BU_S_km2_L1!K31/POP_L1!K31*1000000 -> 96.380555 | L31: =BU_S_km2_L1!L31/POP_L1!L31*1000000 -> 107.82571 | ... P31: =BU_S_km2_L1!P31/POP_L1!P31*1000000 -> 132.56414
A32: 11 | B32: ASM | C32: American Samoa | D32: UC | E32: - | F32: - | G32: - | H32: - | I32: - | J32: - | K32: - | L32: - | M32: - | N32: - | O32: - | P32: -
A33: 11 | B33: ASM | C33: American Samoa | D33: UCL | E33: =BU_S_km2_L1!E33/POP_L1!E33*1000000 -> 69.970786 | F33: =BU_S_km2_L1!F33/POP_L1!F33*1000000 -> 76.892357 | G33: =BU_S_km2_L1!G33/POP_L1!G33*1000000 -> 75.048804 | H33: =BU_S_km2_L1!H33/POP_L1!H33*1000000 -> 76.029977 | I33: =BU_S_km2_L1!I33/POP_L1!I33*1000000 -> 72.499044 | J33: =BU_S_km2_L1!J33/POP_L1!J33*1000000 -> 69.233142 | K33: =BU_S_km2_L1!K33/POP_L1!K33*1000000 -> 72.986964 | L33: =BU_S_km2_L1!L33/POP_L1!L33*1000000 -> 80.240175 | ... P33: =BU_S_km2_L1!P33/POP_L1!P33*1000000 -> 116.84348
A34: 11 | B34: ASM | C34: American Samoa | D34: RUR | E34: =BU_S_km2_L1!E34/POP_L1!E34*1000000 -> 85.993268 | F34: =BU_S_km2_L1!F34/POP_L1!F34*1000000 -> 94.698015 | G34: =BU_S_km2_L1!G34/POP_L1!G34*1000000 -> 98.473553 | H34: =BU_S_km2_L1!H34/POP_L1!H34*1000000 -> 90.524215 | I34: =BU_S_km2_L1!I34/POP_L1!I34*1000000 -> 80.698921 | J34: =BU_S_km2_L1!J34/POP_L1!J34*1000000 -> 77.850399 | K34: =BU_S_km2_L1!K34/POP_L1!K34*1000000 -> 81.081463 | L34: =BU_S_km2_L1!L34/POP_L1!L34*1000000 -> 81.10153 | ... P34: =BU_S_km2_L1!P34/POP_L1!P34*1000000 -> 104.97828
A35: 12 | B35: ATA | C35: Antarctica | D35: UC | E35: - | F35: - | G35: - | H35: - | I35: - | J35: - | K35: - | L35: - | M35: - | N35: - | O35: - | P35: -
A36: 12 | B36: ATA | C36: Antarctica | D36: UCL | E36: - | F36: - | G36: - | H36: - | I36: - | J36: - | K36: - | L36: - | M36: - | N36: - | O36: - | P36: -
A37: 12 | B37: ATA | C37: Antarctica | D37: RUR | E37: - | F37: - | G37: - | H37: - | I37: - | J37: - | K37: - | L37: - | M37: - | N37: - | O37: - | P37: -
A38: 13 | B38: ATF | C38: French Southern Territories | D38: UC | E38: - | F38: - | G38: - | H38: - | I38: - | J38: - | K38: - | L38: - | M38: - | N38: - | O38: - | P38: -
A39: 13 | B39: ATF | C39: French Southern Territories | D39: UCL | E39: - | F39: - | G39: - | H39: - | I39: - | J39: - | K39: - | L39: - | M39: - | N39: - | O39: - | P39: -
A40: 13 | B40: ATF | C40: French Southern Territories | D40: RUR | E40: - | F40: - | G40: - | H40: - | I40: - | J40: - | K40: - | L40: - | M40: - | N40: - | O40: - | P40: -
A41: 14 | B41: ATG | C41: Antigua and Barbuda | D41: UC | E41: - | F41: - | G41: - | H41: - | I41: - | J41: - | K41: - | L41: - | M41: - | N41: - | O41: - | P41: -
A42: 14 | B42: ATG | C42: Antigua and Barbuda | D42: UCL | E42: =BU_S_km2_L1!E42/POP_L1!E42*1000000 -> 80.471743 | F42: =BU_S_km2_L1!F42/POP_L1!F42*1000000 -> 90.722404 | G42: =BU_S_km2_L1!G42/POP_L1!G42*1000000 -> 103.8408 | H42: =BU_S_km2_L1!H42/POP_L1!H42*1000000 -> 126.58769 | I42: =BU_S_km2_L1!I42/POP_L1!I42*1000000 -> 120.91578 | J42: =BU_S_km2_L1!J42/POP_L1!J42*1000000 -> 112.84514 | K42: =BU_S_km2_L1!K42/POP_L1!K42*1000000 -> 116.11939 | L42: =BU_S_km2_L1!L42/POP_L1!L42*1000000 -> 115.28098 | ... P42: =BU_S_km2_L1!P42/POP_L1!P42*1000000 -> 125.82799
A43: 14 | B43: ATG | C43: Antigua and Barbuda | D43: RUR | E43: =BU_S_km2_L1!E43/POP_L1!E43*1000000 -> 127.90132 | F43: =BU_S_km2_L1!F43/POP_L1!F43*1000000 -> 147.80391 | G43: =BU_S_km2_L1!G43/POP_L1!G43*1000000 -> 181.44605 | H43: =BU_S_km2_L1!H43/POP_L1!H43*1000000 -> 234.8284 | I43: =BU_S_km2_L1!I43/POP_L1!I43*1000000 -> 216.18658 | J43: =BU_S_km2_L1!J43/POP_L1!J43*1000000 -> 197.91251 | K43: =BU_S_km2_L1!K43/POP_L1!K43*1000000 -> 197.95681 | L43: =BU_S_km2_L1!L43/POP_L1!L43*1000000 -> 194.66122 | ... P43: =BU_S_km2_L1!P43/POP_L1!P43*1000000 -> 260.27555
A44: 15 | B44: AUS | C44: Australia | D44: UC | E44: =BU_S_km2_L1!E44/POP_L1!E44*1000000 -> 136.16128 | F44: =BU_S_km2_L1!F44/POP_L1!F44*1000000 -> 136.44182 | G44: =BU_S_km2_L1!G44/POP_L1!G44*1000000 -> 132.80573 | H44: =BU_S_km2_L1!H44/POP_L1!H44*1000000 -> 127.81967 | I44: =BU_S_km2_L1!I44/POP_L1!I44*1000000 -> 127.92508 | J44: =BU_S_km2_L1!J44/POP_L1!J44*1000000 -> 133.73392 | K44: =BU_S_km2_L1!K44/POP_L1!K44*1000000 -> 130.42741 | L44: =BU_S_km2_L1!L44/POP_L1!L44*1000000 -> 123.31864 | ... P44: =BU_S_km2_L1!P44/POP_L1!P44*1000000 -> 102.19557
A45: 15 | B45: AUS | C45: Australia | D45: UCL | E45: =BU_S_km2_L1!E45/POP_L1!E45*1000000 -> 147.66982 | F45: =BU_S_km2_L1!F45/POP_L1!F45*1000000 -> 145.928 | G45: =BU_S_km2_L1!G45/POP_L1!G45*1000000 -> 148.94622 | H45: =BU_S_km2_L1!H45/POP_L1!H45*1000000 -> 150.5428 | I45: =BU_S_km2_L1!I45/POP_L1!I45*1000000 -> 158.62576 | J45: =BU_S_km2_L1!J45/POP_L1!J45*1000000 -> 167.72369 | K45: =BU_S_km2_L1!K45/POP_L1!K45*1000000 -> 166.11868 | L45: =BU_S_km2_L1!L45/POP_L1!L45*1000000 -> 163.40815 | ... P45: =BU_S_km2_L1!P45/POP_L1!P45*1000000 -> 162.29914
A46: 15 | B46: AUS | C46: Australia | D46: RUR | E46: =BU_S_km2_L1!E46/POP_L1!E46*1000000 -> 234.8762 | F46: =BU_S_km2_L1!F46/POP_L1!F46*1000000 -> 267.04944 | G46: =BU_S_km2_L1!G46/POP_L1!G46*1000000 -> 308.38124 | H46: =BU_S_km2_L1!H46/POP_L1!H46*1000000 -> 359.69797 | I46: =BU_S_km2_L1!I46/POP_L1!I46*1000000 -> 382.08454 | J46: =BU_S_km2_L1!J46/POP_L1!J46*1000000 -> 391.42227 | K46: =BU_S_km2_L1!K46/POP_L1!K46*1000000 -> 403.11889 | L46: =BU_S_km2_L1!L46/POP_L1!L46*1000000 -> 419.86218 | ... P46: =BU_S_km2_L1!P46/POP_L1!P46*1000000 -> 573.67305
A47: 16 | B47: AUT | C47: Austria | D47: UC | E47: =BU_S_km2_L1!E47/POP_L1!E47*1000000 -> 38.552604 | F47: =BU_S_km2_L1!F47/POP_L1!F47*1000000 -> 40.90777 | G47: =BU_S_km2_L1!G47/POP_L1!G47*1000000 -> 42.887898 | H47: =BU_S_km2_L1!H47/POP_L1!H47*1000000 -> 44.229542 | I47: =BU_S_km2_L1!I47/POP_L1!I47*1000000 -> 46.885092 | J47: =BU_S_km2_L1!J47/POP_L1!J47*1000000 -> 49.791416 | K47: =BU_S_km2_L1!K47/POP_L1!K47*1000000 -> 49.420792 | L47: =BU_S_km2_L1!L47/POP_L1!L47*1000000 -> 49.793461 | ... P47: =BU_S_km2_L1!P47/POP_L1!P47*1000000 -> 44.507114
A48: 16 | B48: AUT | C48: Austria | D48: UCL | E48: =BU_S_km2_L1!E48/POP_L1!E48*1000000 -> 71.695369 | F48: =BU_S_km2_L1!F48/POP_L1!F48*1000000 -> 76.786579 | G48: =BU_S_km2_L1!G48/POP_L1!G48*1000000 -> 81.244733 | H48: =BU_S_km2_L1!H48/POP_L1!H48*1000000 -> 84.798059 | I48: =BU_S_km2_L1!I48/POP_L1!I48*1000000 -> 90.920075 | J48: =BU_S_km2_L1!J48/POP_L1!J48*1000000 -> 98.630069 | K48: =BU_S_km2_L1!K48/POP_L1!K48*1000000 -> 104.03081 | L48: =BU_S_km2_L1!L48/POP_L1!L48*1000000 -> 110.33072 | ... P48: =BU_S_km2_L1!P48/POP_L1!P48*1000000 -> 125.65195
A49: 16 | B49: AUT | C49: Austria | D49: RUR | E49: =BU_S_km2_L1!E49/POP_L1!E49*1000000 -> 103.51228 | F49: =BU_S_km2_L1!F49/POP_L1!F49*1000000 -> 114.25706 | G49: =BU_S_km2_L1!G49/POP_L1!G49*1000000 -> 125.61701 | H49: =BU_S_km2_L1!H49/POP_L1!H49*1000000 -> 134.86883 | I49: =BU_S_km2_L1!I49/POP_L1!I49*1000000 -> 141.23849 | J49: =BU_S_km2_L1!J49/POP_L1!J49*1000000 -> 153.27757 | K49: =BU_S_km2_L1!K49/POP_L1!K49*1000000 -> 164.51048 | L49: =BU_S_km2_L1!L49/POP_L1!L49*1000000 -> 178.13115 | ... P49: =BU_S_km2_L1!P49/POP_L1!P49*1000000 -> 220.28439
A50: 17 | B50: AZE | C50: Azerbaijan | D50: UC | E50: =BU_S_km2_L1!E50/POP_L1!E50*1000000 -> 38.234746 | F50: =BU_S_km2_L1!F50/POP_L1!F50*1000000 -> 37.903829 | G50: =BU_S_km2_L1!G50/POP_L1!G50*1000000 -> 37.530171 | H50: =BU_S_km2_L1!H50/POP_L1!H50*1000000 -> 37.514128 | I50: =BU_S_km2_L1!I50/POP_L1!I50*1000000 -> 38.590732 | J50: =BU_S_km2_L1!J50/POP_L1!J50*1000000 -> 40.783669 | K50: =BU_S_km2_L1!K50/POP_L1!K50*1000000 -> 43.312675 | L50: =BU_S_km2_L1!L50/POP_L1!L50*1000000 -> 46.793261 | ... P50: =BU_S_km2_L1!P50/POP_L1!P50*1000000 -> 47.718151
A51: 17 | B51: AZE | C51: Azerbaijan | D51: UCL | E51: =BU_S_km2_L1!E51/POP_L1!E51*1000000 -> 57.031421 | F51: =BU_S_km2_L1!F51/POP_L1!F51*1000000 -> 56.860187 | G51: =BU_S_km2_L1!G51/POP_L1!G51*1000000 -> 57.19241 | H51: =BU_S_km2_L1!H51/POP_L1!H51*1000000 -> 56.757645 | I51: =BU_S_km2_L1!I51/POP_L1!I51*1000000 -> 62.4988 | J51: =BU_S_km2_L1!J51/POP_L1!J51*1000000 -> 69.461024 | K51: =BU_S_km2_L1!K51/POP_L1!K51*1000000 -> 74.366997 | L51: =BU_S_km2_L1!L51/POP_L1!L51*1000000 -> 79.795066 | ... P51: =BU_S_km2_L1!P51/POP_L1!P51*1000000 -> 89.142669
A52: 17 | B52: AZE | C52: Azerbaijan | D52: RUR | E52: =BU_S_km2_L1!E52/POP_L1!E52*1000000 -> 110.7518 | F52: =BU_S_km2_L1!F52/POP_L1!F52*1000000 -> 111.06637 | G52: =BU_S_km2_L1!G52/POP_L1!G52*1000000 -> 107.2606 | H52: =BU_S_km2_L1!H52/POP_L1!H52*1000000 -> 104.49742 | I52: =BU_S_km2_L1!I52/POP_L1!I52*1000000 -> 109.88237 | J52: =BU_S_km2_L1!J52/POP_L1!J52*1000000 -> 118.0283 | K52: =BU_S_km2_L1!K52/POP_L1!K52*1000000 -> 122.04113 | L52: =BU_S_km2_L1!L52/POP_L1!L52*1000000 -> 125.80421 | ... P52: =BU_S_km2_L1!P52/POP_L1!P52*1000000 -> 140.30026
A53: 18 | B53: BDI | C53: Burundi | D53: UC | E53: =BU_S_km2_L1!E53/POP_L1!E53*1000000 -> 79.818631 | F53: =BU_S_km2_L1!F53/POP_L1!F53*1000000 -> 67.092875 | G53: =BU_S_km2_L1!G53/POP_L1!G53*1000000 -> 59.497551 | H53: =BU_S_km2_L1!H53/POP_L1!H53*1000000 -> 57.171661 | I53: =BU_S_km2_L1!I53/POP_L1!I53*1000000 -> 49.899999 | J53: =BU_S_km2_L1!J53/POP_L1!J53*1000000 -> 45.202561 | K53: =BU_S_km2_L1!K53/POP_L1!K53*1000000 -> 37.732219 | L53: =BU_S_km2_L1!L53/POP_L1!L53*1000000 -> 30.61518 | ... P53: =BU_S_km2_L1!P53/POP_L1!P53*1000000 -> 18.927114
... A61: 20 | B61: BEN | C61: Benin | D61: RUR | E61: =BU_S_km2_L1!E61/POP_L1!E61*1000000 -> 56.036616 | F61: =BU_S_km2_L1!F61/POP_L1!F61*1000000 -> 63.023719 | G61: =BU_S_km2_L1!G61/POP_L1!G61*1000000 -> 70.856237 | H61: =BU_S_km2_L1!H61/POP_L1!H61*1000000 -> 77.294557 | I61: =BU_S_km2_L1!I61/POP_L1!I61*1000000 -> 74.302122 | J61: =BU_S_km2_L1!J61/POP_L1!J61*1000000 -> 74.0628 | K61: =BU_S_km2_L1!K61/POP_L1!K61*1000000 -> 74.765933 | L61: =BU_S_km2_L1!L61/POP_L1!L61*1000000 -> 77.584665 | ... P61: =BU_S_km2_L1!P61/POP_L1!P61*1000000 -> 73.866913
A62: 21 | B62: BES | C62: Bonaire, Sint Eustatius and Saba | D62: UC | E62: - | F62: - | G62: - | H62: - | I62: - | J62: - | K62: - | L62: - | M62: - | N62: - | O62: - | P62: -
A63: 21 | B63: BES | C63: Bonaire, Sint Eustatius and Saba | D63: UCL | E63: - | F63: - | G63: =BU_S_km2_L1!G63/POP_L1!G63*1000000 -> 45.994664 | H63: =BU_S_km2_L1!H63/POP_L1!H63*1000000 -> 70.738318 | I63: =BU_S_km2_L1!I63/POP_L1!I63*1000000 -> 90.327036 | J63: =BU_S_km2_L1!J63/POP_L1!J63*1000000 -> 115.14654 | K63: =BU_S_km2_L1!K63/POP_L1!K63*1000000 -> 134.80635 | L63: =BU_S_km2_L1!L63/POP_L1!L63*1000000 -> 150.87531 | M63: =BU_S_km2_L1!M63/POP_L1!M63*1000000 -> 169.40627 | N63: =BU_S_km2_L1!N63/POP_L1!N63*1000000 -> 192.96016 | ... P63: =BU_S_km2_L1!P63/POP_L1!P63*1000000 -> 198.94791
A64: 21 | B64: BES | C64: Bonaire, Sint Eustatius and Saba | D64: RUR | E64: =BU_S_km2_L1!E64/POP_L1!E64*1000000 -> 56.575521 | F64: =BU_S_km2_L1!F64/POP_L1!F64*1000000 -> 67.798579 | G64: =BU_S_km2_L1!G64/POP_L1!G64*1000000 -> 121.57376 | H64: =BU_S_km2_L1!H64/POP_L1!H64*1000000 -> 159.44333 | I64: =BU_S_km2_L1!I64/POP_L1!I64*1000000 -> 177.84397 | J64: =BU_S_km2_L1!J64/POP_L1!J64*1000000 -> 187.0836 | K64: =BU_S_km2_L1!K64/POP_L1!K64*1000000 -> 184.75246 | L64: =BU_S_km2_L1!L64/POP_L1!L64*1000000 -> 179.00127 | ... P64: =BU_S_km2_L1!P64/POP_L1!P64*1000000 -> 191.85182
A65: 22 | B65: BFA | C65: Burkina Faso | D65: UC | E65: =BU_S_km2_L1!E65/POP_L1!E65*1000000 -> 156.89214 | F65: =BU_S_km2_L1!F65/POP_L1!F65*1000000 -> 110.25978 | G65: =BU_S_km2_L1!G65/POP_L1!G65*1000000 -> 86.833082 | H65: =BU_S_km2_L1!H65/POP_L1!H65*1000000 -> 82.937336 | I65: =BU_S_km2_L1!I65/POP_L1!I65*1000000 -> 71.636133 | J65: =BU_S_km2_L1!J65/POP_L1!J65*1000000 -> 65.727341 | K65: =BU_S_km2_L1!K65/POP_L1!K65*1000000 -> 58.141717 | L65: =BU_S_km2_L1!L65/POP_L1!L65*1000000 -> 54.107917 | ... P65: =BU_S_km2_L1!P65/POP_L1!P65*1000000 -> 33.81724
A66: 22 | B66: BFA | C66: Burkina Faso | D66: UCL | E66: =BU_S_km2_L1!E66/POP_L1!E66*1000000 -> 21.923912 | F66: =BU_S_km2_L1!F66/POP_L1!F66*1000000 -> 25.634193 | G66: =BU_S_km2_L1!G66/POP_L1!G66*1000000 -> 30.855772 | H66: =BU_S_km2_L1!H66/POP_L1!H66*1000000 -> 32.745336 | I66: =BU_S_km2_L1!I66/POP_L1!I66*1000000 -> 32.679761 | J66: =BU_S_km2_L1!J66/POP_L1!J66*1000000 -> 31.658546 | K66: =BU_S_km2_L1!K66/POP_L1!K66*1000000 -> 32.627324 | L66: =BU_S_km2_L1!L66/POP_L1!L66*1000000 -> 36.981112 | ... P66: =BU_S_km2_L1!P66/POP_L1!P66*1000000 -> 53.346234
A67: 22 | B67: BFA | C67: Burkina Faso | D67: RUR | E67: =BU_S_km2_L1!E67/POP_L1!E67*1000000 -> 23.915867 | F67: =BU_S_km2_L1!F67/POP_L1!F67*1000000 -> 27.08599 | G67: =BU_S_km2_L1!G67/POP_L1!G67*1000000 -> 31.020896 | H67: =BU_S_km2_L1!H67/POP_L1!H67*1000000 -> 34.848919 | I67: =BU_S_km2_L1!I67/POP_L1!I67*1000000 -> 36.223429 | J67: =BU_S_km2_L1!J67/POP_L1!J67*1000000 -> 38.53421 | K67: =BU_S_km2_L1!K67/POP_L1!K67*1000000 -> 42.410839 | L67: =BU_S_km2_L1!L67/POP_L1!L67*1000000 -> 48.978878 | ... P67: =BU_S_km2_L1!P67/POP_L1!P67*1000000 -> 71.793751
A68: 23 | B68: BGD | C68: Bangladesh | D68: UC | E68: =BU_S_km2_L1!E68/POP_L1!E68*1000000 -> 7.266305 | F68: =BU_S_km2_L1!F68/POP_L1!F68*1000000 -> 8.18397 | G68: =BU_S_km2_L1!G68/POP_L1!G68*1000000 -> 9.1483491 | H68: =BU_S_km2_L1!H68/POP_L1!H68*1000000 -> 10.206483 | I68: =BU_S_km2_L1!I68/POP_L1!I68*1000000 -> 10.345675 | J68: =BU_S_km2_L1!J68/POP_L1!J68*1000000 -> 10.7003 | K68: =BU_S_km2_L1!K68/POP_L1!K68*1000000 -> 10.952371 | L68: =BU_S_km2_L1!L68/POP_L1!L68*1000000 -> 11.563563 | ... P68: =BU_S_km2_L1!P68/POP_L1!P68*1000000 -> 12.563583
A69: 23 | B69: BGD | C69: Bangladesh | D69: UCL | E69: =BU_S_km2_L1!E69/POP_L1!E69*1000000 -> 4.965926 | F69: =BU_S_km2_L1!F69/POP_L1!F69*1000000 -> 6.8745918 | G69: =BU_S_km2_L1!G69/POP_L1!G69*1000000 -> 9.6946826 | H69: =BU_S_km2_L1!H69/POP_L1!H69*1000000 -> 13.117929 | I69: =BU_S_km2_L1!I69/POP_L1!I69*1000000 -> 13.84631 | J69: =BU_S_km2_L1!J69/POP_L1!J69*1000000 -> 14.717765 | K69: =BU_S_km2_L1!K69/POP_L1!K69*1000000 -> 15.253228 | L69: =BU_S_km2_L1!L69/POP_L1!L69*1000000 -> 16.555224 | ... P69: =BU_S_km2_L1!P69/POP_L1!P69*1000000 -> 21.909418
A70: 23 | B70: BGD | C70: Bangladesh | D70: RUR | E70: =BU_S_km2_L1!E70/POP_L1!E70*1000000 -> 7.9473513 | F70: =BU_S_km2_L1!F70/POP_L1!F70*1000000 -> 10.359254 | G70: =BU_S_km2_L1!G70/POP_L1!G70*1000000 -> 13.218914 | H70: =BU_S_km2_L1!H70/POP_L1!H70*1000000 -> 15.757877 | I70: =BU_S_km2_L1!I70/POP_L1!I70*1000000 -> 16.105185 | J70: =BU_S_km2_L1!J70/POP_L1!J70*1000000 -> 16.723537 | K70: =BU_S_km2_L1!K70/POP_L1!K70*1000000 -> 17.022648 | L70: =BU_S_km2_L1!L70/POP_L1!L70*1000000 -> 18.670354 | ... P70: =BU_S_km2_L1!P70/POP_L1!P70*1000000 -> 26.251839
A71: 24 | B71: BGR | C71: Bulgaria | D71: UC | E71: =BU_S_km2_L1!E71/POP_L1!E71*1000000 -> 27.968897 | F71: =BU_S_km2_L1!F71/POP_L1!F71*1000000 -> 28.506199 | G71: =BU_S_km2_L1!G71/POP_L1!G71*1000000 -> 29.177726 | H71: =BU_S_km2_L1!H71/POP_L1!H71*1000000 -> 30.288289 | I71: =BU_S_km2_L1!I71/POP_L1!I71*1000000 -> 33.421581 | J71: =BU_S_km2_L1!J71/POP_L1!J71*1000000 -> 37.00963 | K71: =BU_S_km2_L1!K71/POP_L1!K71*1000000 -> 38.686793 | L71: =BU_S_km2_L1!L71/POP_L1!L71*1000000 -> 40.38205 | ... P71: =BU_S_km2_L1!P71/POP_L1!P71*1000000 -> 42.299124
A72: 24 | B72: BGR | C72: Bulgaria | D72: UCL | E72: =BU_S_km2_L1!E72/POP_L1!E72*1000000 -> 46.95298 | F72: =BU_S_km2_L1!F72/POP_L1!F72*1000000 -> 49.289351 | G72: =BU_S_km2_L1!G72/POP_L1!G72*1000000 -> 53.094335 | H72: =BU_S_km2_L1!H72/POP_L1!H72*1000000 -> 57.537107 | I72: =BU_S_km2_L1!I72/POP_L1!I72*1000000 -> 63.205499 | J72: =BU_S_km2_L1!J72/POP_L1!J72*1000000 -> 71.23944 | K72: =BU_S_km2_L1!K72/POP_L1!K72*1000000 -> 77.520048 | L72: =BU_S_km2_L1!L72/POP_L1!L72*1000000 -> 85.063298 | ... P72: =BU_S_km2_L1!P72/POP_L1!P72*1000000 -> 110.8116
A73: 24 | B73: BGR | C73: Bulgaria | D73: RUR | E73: =BU_S_km2_L1!E73/POP_L1!E73*1000000 -> 84.550578 | F73: =BU_S_km2_L1!F73/POP_L1!F73*1000000 -> 90.396688 | G73: =BU_S_km2_L1!G73/POP_L1!G73*1000000 -> 98.888487 | H73: =BU_S_km2_L1!H73/POP_L1!H73*1000000 -> 107.20098 | I73: =BU_S_km2_L1!I73/POP_L1!I73*1000000 -> 119.7826 | J73: =BU_S_km2_L1!J73/POP_L1!J73*1000000 -> 134.54853 | K73: =BU_S_km2_L1!K73/POP_L1!K73*1000000 -> 148.95347 | L73: =BU_S_km2_L1!L73/POP_L1!L73*1000000 -> 164.09211 | ... P73: =BU_S_km2_L1!P73/POP_L1!P73*1000000 -> 243.9914
A74: 25 | B74: BHR | C74: Bahrain | D74: UC | E74: =BU_S_km2_L1!E74/POP_L1!E74*1000000 -> 53.926822 | F74: =BU_S_km2_L1!F74/POP_L1!F74*1000000 -> 55.953867 | G74: =BU_S_km2_L1!G74/POP_L1!G74*1000000 -> 89.215911 | H74: =BU_S_km2_L1!H74/POP_L1!H74*1000000 -> 82.21703 | I74: =BU_S_km2_L1!I74/POP_L1!I74*1000000 -> 78.430764 | J74: =BU_S_km2_L1!J74/POP_L1!J74*1000000 -> 78.945518 | K74: =BU_S_km2_L1!K74/POP_L1!K74*1000000 -> 65.394483 | L74: =BU_S_km2_L1!L74/POP_L1!L74*1000000 -> 50.948389 | ... P74: =BU_S_km2_L1!P74/POP_L1!P74*1000000 -> 41.288711
A75: 25 | B75: BHR | C75: Bahrain | D75: UCL | E75: =BU_S_km2_L1!E75/POP_L1!E75*1000000 -> 181.24351 | F75: =BU_S_km2_L1!F75/POP_L1!F75*1000000 -> 188.14839 | G75: =BU_S_km2_L1!G75/POP_L1!G75*1000000 -> 138.26215 | H75: =BU_S_km2_L1!H75/POP_L1!H75*1000000 -> 131.05655 | I75: =BU_S_km2_L1!I75/POP_L1!I75*1000000 -> 123.34877 | J75: =BU_S_km2_L1!J75/POP_L1!J75*1000000 -> 130.59418 | K75: =BU_S_km2_L1!K75/POP_L1!K75*1000000 -> 114.04389 | L75: =BU_S_km2_L1!L75/POP_L1!L75*1000000 -> 89.053306 | ... P75: =BU_S_km2_L1!P75/POP_L1!P75*1000000 -> 143.73469
... A82: 27 | B82: BIH | C82: Bosnia and Herzegovina | D82: RUR | E82: =BU_S_km2_L1!E82/POP_L1!E82*1000000 -> 57.118115 | F82: =BU_S_km2_L1!F82/POP_L1!F82*1000000 -> 60.616453 | G82: =BU_S_km2_L1!G82/POP_L1!G82*1000000 -> 63.51763 | H82: =BU_S_km2_L1!H82/POP_L1!H82*1000000 -> 67.212291 | I82: =BU_S_km2_L1!I82/POP_L1!I82*1000000 -> 87.875649 | J82: =BU_S_km2_L1!J82/POP_L1!J82*1000000 -> 84.995457 | K82: =BU_S_km2_L1!K82/POP_L1!K82*1000000 -> 93.655492 | L82: =BU_S_km2_L1!L82/POP_L1!L82*1000000 -> 108.77 | ... P82: =BU_S_km2_L1!P82/POP_L1!P82*1000000 -> 159.98536
A83: 28 | B83: BLM | C83: Saint-Barthelemy | D83: UC | E83: - | F83: - | G83: - | H83: - | I83: - | J83: - | K83: - | L83: - | M83: - | N83: - | O83: - | P83: -
A84: 28 | B84: BLM | C84: Saint-Barthelemy | D84: UCL | E84: - | F84: - | G84: - | H84: - | I84: - | J84: =BU_S_km2_L1!J84/POP_L1!J84*1000000 -> 124.33384 | K84: =BU_S_km2_L1!K84/POP_L1!K84*1000000 -> 115.05535 | L84: =BU_S_km2_L1!L84/POP_L1!L84*1000000 -> 106.02812 | M84: =BU_S_km2_L1!M84/POP_L1!M84*1000000 -> 107.25987 | N84: =BU_S_km2_L1!N84/POP_L1!N84*1000000 -> 112.12675 | O84: =BU_S_km2_L1!O84/POP_L1!O84*1000000 -> 110.97009 | P84: =BU_S_km2_L1!P84/POP_L1!P84*1000000 -> 113.1062
A85: 28 | B85: BLM | C85: Saint-Barthelemy | D85: RUR | E85: =BU_S_km2_L1!E85/POP_L1!E85*1000000 -> 135.26757 | F85: =BU_S_km2_L1!F85/POP_L1!F85*1000000 -> 169.67248 | G85: =BU_S_km2_L1!G85/POP_L1!G85*1000000 -> 179.09363 | H85: =BU_S_km2_L1!H85/POP_L1!H85*1000000 -> 187.10449 | I85: =BU_S_km2_L1!I85/POP_L1!I85*1000000 -> 158.30078 | J85: =BU_S_km2_L1!J85/POP_L1!J85*1000000 -> 197.42236 | K85: =BU_S_km2_L1!K85/POP_L1!K85*1000000 -> 179.70568 | L85: =BU_S_km2_L1!L85/POP_L1!L85*1000000 -> 165.81926 | ... P85: =BU_S_km2_L1!P85/POP_L1!P85*1000000 -> 166.68445
A86: 29 | B86: BLR | C86: Belarus | D86: UC | E86: =BU_S_km2_L1!E86/POP_L1!E86*1000000 -> 31.879657 | F86: =BU_S_km2_L1!F86/POP_L1!F86*1000000 -> 30.247891 | G86: =BU_S_km2_L1!G86/POP_L1!G86*1000000 -> 29.295638 | H86: =BU_S_km2_L1!H86/POP_L1!H86*1000000 -> 28.754475 | I86: =BU_S_km2_L1!I86/POP_L1!I86*1000000 -> 31.626902 | J86: =BU_S_km2_L1!J86/POP_L1!J86*1000000 -> 33.787726 | K86: =BU_S_km2_L1!K86/POP_L1!K86*1000000 -> 35.133319 | L86: =BU_S_km2_L1!L86/POP_L1!L86*1000000 -> 35.702584 | ... P86: =BU_S_km2_L1!P86/POP_L1!P86*1000000 -> 36.196275
A87: 29 | B87: BLR | C87: Belarus | D87: UCL | E87: =BU_S_km2_L1!E87/POP_L1!E87*1000000 -> 56.139755 | F87: =BU_S_km2_L1!F87/POP_L1!F87*1000000 -> 61.765115 | G87: =BU_S_km2_L1!G87/POP_L1!G87*1000000 -> 66.116335 | H87: =BU_S_km2_L1!H87/POP_L1!H87*1000000 -> 70.297129 | I87: =BU_S_km2_L1!I87/POP_L1!I87*1000000 -> 78.89059 | J87: =BU_S_km2_L1!J87/POP_L1!J87*1000000 -> 90.80567 | K87: =BU_S_km2_L1!K87/POP_L1!K87*1000000 -> 103.70568 | L87: =BU_S_km2_L1!L87/POP_L1!L87*1000000 -> 115.21519 | ... P87: =BU_S_km2_L1!P87/POP_L1!P87*1000000 -> 150.06082
A88: 29 | B88: BLR | C88: Belarus | D88: RUR | E88: =BU_S_km2_L1!E88/POP_L1!E88*1000000 -> 120.81081 | F88: =BU_S_km2_L1!F88/POP_L1!F88*1000000 -> 131.93879 | G88: =BU_S_km2_L1!G88/POP_L1!G88*1000000 -> 142.41013 | H88: =BU_S_km2_L1!H88/POP_L1!H88*1000000 -> 151.88334 | I88: =BU_S_km2_L1!I88/POP_L1!I88*1000000 -> 170.93735 | J88: =BU_S_km2_L1!J88/POP_L1!J88*1000000 -> 199.55526 | K88: =BU_S_km2_L1!K88/POP_L1!K88*1000000 -> 230.27838 | L88: =BU_S_km2_L1!L88/POP_L1!L88*1000000 -> 261.67292 | ... P88: =BU_S_km2_L1!P88/POP_L1!P88*1000000 -> 366.82803
A89: 30 | B89: BLZ | C89: Belize | D89: UC | E89: - | F89: - | G89: - | H89: - | I89: - | J89: - | K89: =BU_S_km2_L1!K89/POP_L1!K89*1000000 -> 59.226004 | L89: =BU_S_km2_L1!L89/POP_L1!L89*1000000 -> 53.314189 | M89: =BU_S_km2_L1!M89/POP_L1!M89*1000000 -> 50.398913 | N89: =BU_S_km2_L1!N89/POP_L1!N89*1000000 -> 51.904248 | O89: =BU_S_km2_L1!O89/POP_L1!O89*1000000 -> 51.679045 | P89: =BU_S_km2_L1!P89/POP_L1!P89*1000000 -> 49.062562
A90: 30 | B90: BLZ | C90: Belize | D90: UCL | E90: =BU_S_km2_L1!E90/POP_L1!E90*1000000 -> 54.770759 | F90: =BU_S_km2_L1!F90/POP_L1!F90*1000000 -> 58.299532 | G90: =BU_S_km2_L1!G90/POP_L1!G90*1000000 -> 61.709877 | H90: =BU_S_km2_L1!H90/POP_L1!H90*1000000 -> 69.470673 | I90: =BU_S_km2_L1!I90/POP_L1!I90*1000000 -> 75.651169 | J90: =BU_S_km2_L1!J90/POP_L1!J90*1000000 -> 81.417298 | K90: =BU_S_km2_L1!K90/POP_L1!K90*1000000 -> 82.749856 | L90: =BU_S_km2_L1!L90/POP_L1!L90*1000000 -> 80.916897 | ... P90: =BU_S_km2_L1!P90/POP_L1!P90*1000000 -> 101.25892
A91: 30 | B91: BLZ | C91: Belize | D91: RUR | E91: =BU_S_km2_L1!E91/POP_L1!E91*1000000 -> 105.83309 | F91: =BU_S_km2_L1!F91/POP_L1!F91*1000000 -> 109.01906 | G91: =BU_S_km2_L1!G91/POP_L1!G91*1000000 -> 124.12609 | H91: =BU_S_km2_L1!H91/POP_L1!H91*1000000 -> 140.35501 | I91: =BU_S_km2_L1!I91/POP_L1!I91*1000000 -> 164.28392 | J91: =BU_S_km2_L1!J91/POP_L1!J91*1000000 -> 174.24687 | K91: =BU_S_km2_L1!K91/POP_L1!K91*1000000 -> 162.19958 | L91: =BU_S_km2_L1!L91/POP_L1!L91*1000000 -> 155.43654 | ... P91: =BU_S_km2_L1!P91/POP_L1!P91*1000000 -> 186.67622
A92: 31 | B92: BMU | C92: Bermuda | D92: UC | E92: - | F92: - | G92: - | H92: - | I92: - | J92: - | K92: - | L92: - | M92: - | N92: - | O92: - | P92: -
A93: 31 | B93: BMU | C93: Bermuda | D93: UCL | E93: =BU_S_km2_L1!E93/POP_L1!E93*1000000 -> 99.108298 | F93: =BU_S_km2_L1!F93/POP_L1!F93*1000000 -> 106.14379 | G93: =BU_S_km2_L1!G93/POP_L1!G93*1000000 -> 110.63367 | H93: =BU_S_km2_L1!H93/POP_L1!H93*1000000 -> 114.69397 | I93: =BU_S_km2_L1!I93/POP_L1!I93*1000000 -> 115.46822 | J93: =BU_S_km2_L1!J93/POP_L1!J93*1000000 -> 120.92226 | K93: =BU_S_km2_L1!K93/POP_L1!K93*1000000 -> 119.26879 | L93: =BU_S_km2_L1!L93/POP_L1!L93*1000000 -> 119.64297 | ... P93: =BU_S_km2_L1!P93/POP_L1!P93*1000000 -> 123.46655
A94: 31 | B94: BMU | C94: Bermuda | D94: RUR | E94: =BU_S_km2_L1!E94/POP_L1!E94*1000000 -> 208.79081 | F94: =BU_S_km2_L1!F94/POP_L1!F94*1000000 -> 208.2838 | G94: =BU_S_km2_L1!G94/POP_L1!G94*1000000 -> 199.84968 | H94: =BU_S_km2_L1!H94/POP_L1!H94*1000000 -> 193.92303 | I94: =BU_S_km2_L1!I94/POP_L1!I94*1000000 -> 184.9616 | J94: =BU_S_km2_L1!J94/POP_L1!J94*1000000 -> 193.10791 | K94: =BU_S_km2_L1!K94/POP_L1!K94*1000000 -> 181.1467 | L94: =BU_S_km2_L1!L94/POP_L1!L94*1000000 -> 176.43261 | ... P94: =BU_S_km2_L1!P94/POP_L1!P94*1000000 -> 165.58844
A95: 32 | B95: BOL | C95: Bolivia | D95: UC | E95: =BU_S_km2_L1!E95/POP_L1!E95*1000000 -> 61.228996 | F95: =BU_S_km2_L1!F95/POP_L1!F95*1000000 -> 57.447439 | G95: =BU_S_km2_L1!G95/POP_L1!G95*1000000 -> 52.401674 | H95: =BU_S_km2_L1!H95/POP_L1!H95*1000000 -> 48.627099 | I95: =BU_S_km2_L1!I95/POP_L1!I95*1000000 -> 49.219718 | J95: =BU_S_km2_L1!J95/POP_L1!J95*1000000 -> 49.666679 | K95: =BU_S_km2_L1!K95/POP_L1!K95*1000000 -> 48.582953 | L95: =BU_S_km2_L1!L95/POP_L1!L95*1000000 -> 48.345447 | ... P95: =BU_S_km2_L1!P95/POP_L1!P95*1000000 -> 39.432991
A96: 32 | B96: BOL | C96: Bolivia | D96: UCL | E96: =BU_S_km2_L1!E96/POP_L1!E96*1000000 -> 59.320893 | F96: =BU_S_km2_L1!F96/POP_L1!F96*1000000 -> 57.583379 | G96: =BU_S_km2_L1!G96/POP_L1!G96*1000000 -> 59.592694 | H96: =BU_S_km2_L1!H96/POP_L1!H96*1000000 -> 60.668082 | I96: =BU_S_km2_L1!I96/POP_L1!I96*1000000 -> 63.504835 | J96: =BU_S_km2_L1!J96/POP_L1!J96*1000000 -> 65.574344 | K96: =BU_S_km2_L1!K96/POP_L1!K96*1000000 -> 64.691977 | L96: =BU_S_km2_L1!L96/POP_L1!L96*1000000 -> 61.909615 | ... P96: =BU_S_km2_L1!P96/POP_L1!P96*1000000 -> 58.504367
A97: 32 | B97: BOL | C97: Bolivia | D97: RUR | E97: =BU_S_km2_L1!E97/POP_L1!E97*1000000 -> 71.63561 | F97: =BU_S_km2_L1!F97/POP_L1!F97*1000000 -> 73.501891 | G97: =BU_S_km2_L1!G97/POP_L1!G97*1000000 -> 76.500728 | H97: =BU_S_km2_L1!H97/POP_L1!H97*1000000 -> 80.465252 | I97: =BU_S_km2_L1!I97/POP_L1!I97*1000000 -> 81.14468 | J97: =BU_S_km2_L1!J97/POP_L1!J97*1000000 -> 83.366819 | K97: =BU_S_km2_L1!K97/POP_L1!K97*1000000 -> 82.214142 | L97: =BU_S_km2_L1!L97/POP_L1!L97*1000000 -> 80.834488 | ... P97: =BU_S_km2_L1!P97/POP_L1!P97*1000000 -> 84.526846
A98: 33 | B98: BRA | C98: Brazil | D98: UC | E98: =BU_S_km2_L1!E98/POP_L1!E98*1000000 -> 51.263227 | F98: =BU_S_km2_L1!F98/POP_L1!F98*1000000 -> 45.697153 | G98: =BU_S_km2_L1!G98/POP_L1!G98*1000000 -> 43.076259 | H98: =BU_S_km2_L1!H98/POP_L1!H98*1000000 -> 40.500161 | I98: =BU_S_km2_L1!I98/POP_L1!I98*1000000 -> 42.956295 | J98: =BU_S_km2_L1!J98/POP_L1!J98*1000000 -> 45.690886 | K98: =BU_S_km2_L1!K98/POP_L1!K98*1000000 -> 45.685324 | L98: =BU_S_km2_L1!L98/POP_L1!L98*1000000 -> 45.904429 | ... P98: =BU_S_km2_L1!P98/POP_L1!P98*1000000 -> 45.346268
A99: 33 | B99: BRA | C99: Brazil | D99: UCL | E99: =BU_S_km2_L1!E99/POP_L1!E99*1000000 -> 52.050887 | F99: =BU_S_km2_L1!F99/POP_L1!F99*1000000 -> 49.905724 | G99: =BU_S_km2_L1!G99/POP_L1!G99*1000000 -> 47.70042 | H99: =BU_S_km2_L1!H99/POP_L1!H99*1000000 -> 46.756706 | I99: =BU_S_km2_L1!I99/POP_L1!I99*1000000 -> 54.666469 | J99: =BU_S_km2_L1!J99/POP_L1!J99*1000000 -> 62.769967 | K99: =BU_S_km2_L1!K99/POP_L1!K99*1000000 -> 65.760827 | L99: =BU_S_km2_L1!L99/POP_L1!L99*1000000 -> 69.848936 | ... P99: =BU_S_km2_L1!P99/POP_L1!P99*1000000 -> 74.994198
A100: 33 | B100: BRA | C100: Brazil | D100: RUR | E100: =BU_S_km2_L1!E100/POP_L1!E100*1000000 -> 103.36493 | F100: =BU_S_km2_L1!F100/POP_L1!F100*1000000 -> 113.83747 | G100: =BU_S_km2_L1!G100/POP_L1!G100*1000000 -> 119.55834 | H100: =BU_S_km2_L1!H100/POP_L1!H100*1000000 -> 127.19517 | I100: =BU_S_km2_L1!I100/POP_L1!I100*1000000 -> 129.34461 | J100: =BU_S_km2_L1!J100/POP_L1!J100*1000000 -> 132.39476 | K100: =BU_S_km2_L1!K100/POP_L1!K100*1000000 -> 134.79921 | L100: =BU_S_km2_L1!L100/POP_L1!L100*1000000 -> 139.4908 | ... P100: =BU_S_km2_L1!P100/POP_L1!P100*1000000 -> 150.69739
A101: 34 | B101: BRB | C101: Barbados | D101: UC | E101: =BU_S_km2_L1!E101/POP_L1!E101*1000000 -> 75.152926 | F101: =BU_S_km2_L1!F101/POP_L1!F101*1000000 -> 75.686518 | G101: =BU_S_km2_L1!G101/POP_L1!G101*1000000 -> 80.386178 | H101: =BU_S_km2_L1!H101/POP_L1!H101*1000000 -> 85.619749 | I101: =BU_S_km2_L1!I101/POP_L1!I101*1000000 -> 86.167133 | J101: =BU_S_km2_L1!J101/POP_L1!J101*1000000 -> 86.122722 | K101: =BU_S_km2_L1!K101/POP_L1!K101*1000000 -> 87.913748 | L101: =BU_S_km2_L1!L101/POP_L1!L101*1000000 -> 88.966488 | ... P101: =BU_S_km2_L1!P101/POP_L1!P101*1000000 -> 111.95191
A102: 34 | B102: BRB | C102: Barbados | D102: UCL | E102: =BU_S_km2_L1!E102/POP_L1!E102*1000000 -> 65.965868 | F102: =BU_S_km2_L1!F102/POP_L1!F102*1000000 -> 79.030767 | G102: =BU_S_km2_L1!G102/POP_L1!G102*1000000 -> 90.073887 | H102: =BU_S_km2_L1!H102/POP_L1!H102*1000000 -> 106.64707 | I102: =BU_S_km2_L1!I102/POP_L1!I102*1000000 -> 103.20803 | J102: =BU_S_km2_L1!J102/POP_L1!J102*1000000 -> 101.14518 | K102: =BU_S_km2_L1!K102/POP_L1!K102*1000000 -> 104.52867 | L102: =BU_S_km2_L1!L102/POP_L1!L102*1000000 -> 106.65376 | ... P102: =BU_S_km2_L1!P102/POP_L1!P102*1000000 -> 172.50583
A103: 34 | B103: BRB | C103: Barbados | D103: RUR | E103: =BU_S_km2_L1!E103/POP_L1!E103*1000000 -> 71.212879 | F103: =BU_S_km2_L1!F103/POP_L1!F103*1000000 -> 85.623336 | G103: =BU_S_km2_L1!G103/POP_L1!G103*1000000 -> 104.41191 | H103: =BU_S_km2_L1!H103/POP_L1!H103*1000000 -> 128.65012 | I103: =BU_S_km2_L1!I103/POP_L1!I103*1000000 -> 125.38913 | J103: =BU_S_km2_L1!J103/POP_L1!J103*1000000 -> 123.6023 | K103: =BU_S_km2_L1!K103/POP_L1!K103*1000000 -> 119.49663 | L103: =BU_S_km2_L1!L103/POP_L1!L103*1000000 -> 122.36156 | ... P103: =BU_S_km2_L1!P103/POP_L1!P103*1000000 -> 245.78521
A104: 35 | B104: BRN | C104: Brunei | D104: UC | E104: - | F104: - | G104: - | H104: - | I104: - | J104: - | K104: - | L104: =BU_S_km2_L1!L104/POP_L1!L104*1000000 -> 74.481891 | M104: =BU_S_km2_L1!M104/POP_L1!M104*1000000 -> 81.070406 | N104: =BU_S_km2_L1!N104/POP_L1!N104*1000000 -> 79.249055 | O104: =BU_S_km2_L1!O104/POP_L1!O104*1000000 -> 77.596347 | P104: =BU_S_km2_L1!P104/POP_L1!P104*1000000 -> 75.43053
A105: 35 | B105: BRN | C105: Brunei | D105: UCL | E105: =BU_S_km2_L1!E105/POP_L1!E105*1000000 -> 122.95 | F105: =BU_S_km2_L1!F105/POP_L1!F105*1000000 -> 112.63013 | G105: =BU_S_km2_L1!G105/POP_L1!G105*1000000 -> 108.41068 | H105: =BU_S_km2_L1!H105/POP_L1!H105*1000000 -> 105.4715 | I105: =BU_S_km2_L1!I105/POP_L1!I105*1000000 -> 109.40746 | J105: =BU_S_km2_L1!J105/POP_L1!J105*1000000 -> 114.11817 | K105: =BU_S_km2_L1!K105/POP_L1!K105*1000000 -> 108.72687 | L105: =BU_S_km2_L1!L105/POP_L1!L105*1000000 -> 111.66704 | ... P105: =BU_S_km2_L1!P105/POP_L1!P105*1000000 -> 122.28412
A106: 35 | B106: BRN | C106: Brunei | D106: RUR | E106: =BU_S_km2_L1!E106/POP_L1!E106*1000000 -> 108.11328 | F106: =BU_S_km2_L1!F106/POP_L1!F106*1000000 -> 119.59417 | G106: =BU_S_km2_L1!G106/POP_L1!G106*1000000 -> 125.11732 | H106: =BU_S_km2_L1!H106/POP_L1!H106*1000000 -> 131.46721 | I106: =BU_S_km2_L1!I106/POP_L1!I106*1000000 -> 132.17738 | J106: =BU_S_km2_L1!J106/POP_L1!J106*1000000 -> 141.51813 | K106: =BU_S_km2_L1!K106/POP_L1!K106*1000000 -> 137.79433 | L106: =BU_S_km2_L1!L106/POP_L1!L106*1000000 -> 146.40908 | ... P106: =BU_S_km2_L1!P106/POP_L1!P106*1000000 -> 197.29071
A107: 36 | B107: BTN | C107: Bhutan | D107: UC | E107: =BU_S_km2_L1!E107/POP_L1!E107*1000000 -> 3.103842 | F107: =BU_S_km2_L1!F107/POP_L1!F107*1000000 -> 3.4828196 | G107: =BU_S_km2_L1!G107/POP_L1!G107*1000000 -> 3.9478206 | H107: =BU_S_km2_L1!H107/POP_L1!H107*1000000 -> 4.4453336 | I107: =BU_S_km2_L1!I107/POP_L1!I107*1000000 -> 5.7828502 | J107: =BU_S_km2_L1!J107/POP_L1!J107*1000000 -> 5.8716698 | K107: =BU_S_km2_L1!K107/POP_L1!K107*1000000 -> 6.2050586 | L107: =BU_S_km2_L1!L107/POP_L1!L107*1000000 -> 7.1231682 | ... P107: =BU_S_km2_L1!P107/POP_L1!P107*1000000 -> 8.1079502
A108: 36 | B108: BTN | C108: Bhutan | D108: UCL | E108: =BU_S_km2_L1!E108/POP_L1!E108*1000000 -> 18.897585 | F108: =BU_S_km2_L1!F108/POP_L1!F108*1000000 -> 18.229098 | G108: =BU_S_km2_L1!G108/POP_L1!G108*1000000 -> 16.231212 | H108: =BU_S_km2_L1!H108/POP_L1!H108*1000000 -> 13.681278 | I108: =BU_S_km2_L1!I108/POP_L1!I108*1000000 -> 13.156648 | J108: =BU_S_km2_L1!J108/POP_L1!J108*1000000 -> 21.110532 | K108: =BU_S_km2_L1!K108/POP_L1!K108*1000000 -> 25.129952 | L108: =BU_S_km2_L1!L108/POP_L1!L108*1000000 -> 28.145151 | ... P108: =BU_S_km2_L1!P108/POP_L1!P108*1000000 -> 32.898437
A109: 36 | B109: BTN | C109: Bhutan | D109: RUR | E109: =BU_S_km2_L1!E109/POP_L1!E109*1000000 -> 27.14264 | F109: =BU_S_km2_L1!F109/POP_L1!F109*1000000 -> 25.732118 | G109: =BU_S_km2_L1!G109/POP_L1!G109*1000000 -> 25.310231 | H109: =BU_S_km2_L1!H109/POP_L1!H109*1000000 -> 25.779703 | I109: =BU_S_km2_L1!I109/POP_L1!I109*1000000 -> 30.054502 | J109: =BU_S_km2_L1!J109/POP_L1!J109*1000000 -> 30.457775 | K109: =BU_S_km2_L1!K109/POP_L1!K109*1000000 -> 30.331156 | L109: =BU_S_km2_L1!L109/POP_L1!L109*1000000 -> 33.533867 | ... P109: =BU_S_km2_L1!P109/POP_L1!P109*1000000 -> 51.14077
A110: 37 | B110: BVT | C110: Bouvet Island | D110: UC | E110: - | F110: - | G110: - | H110: - | I110: - | J110: - | K110: - | L110: - | M110: - | N110: - | O110: - | P110: -
A111: 37 | B111: BVT | C111: Bouvet Island | D111: UCL | E111: - | F111: - | G111: - | H111: - | I111: - | J111: - | K111: - | L111: - | M111: - | N111: - | O111: - | P111: -
A112: 37 | B112: BVT | C112: Bouvet Island | D112: RUR | E112: - | F112: - | G112: - | H112: - | I112: - | J112: - | K112: - | L112: - | M112: - | N112: - | O112: - | P112: -
A113: 38 | B113: BWA | C113: Botswana | D113: UC | E113: - | F113: - | G113: =BU_S_km2_L1!G113/POP_L1!G113*1000000 -> 178.03215 | H113: =BU_S_km2_L1!H113/POP_L1!H113*1000000 -> 229.44115 | I113: =BU_S_km2_L1!I113/POP_L1!I113*1000000 -> 165.81259 | J113: =BU_S_km2_L1!J113/POP_L1!J113*1000000 -> 166.63551 | K113: =BU_S_km2_L1!K113/POP_L1!K113*1000000 -> 157.11022 | L113: =BU_S_km2_L1!L113/POP_L1!L113*1000000 -> 126.18707 | M113: =BU_S_km2_L1!M113/POP_L1!M113*1000000 -> 127.13498 | N113: =BU_S_km2_L1!N113/POP_L1!N113*1000000 -> 103.60796 | ... P113: =BU_S_km2_L1!P113/POP_L1!P113*1000000 -> 92.670388
...
